{
  "properties": {
    "connectionReferences": {
      "shared_commondataserviceforapps": {
        "runtimeSource": "embedded",
        "connection": {
          "connectionReferenceLogicalName": "ya_sharedcommondataserviceforapps_2f56e"
        },
        "api": {
          "name": "shared_commondataserviceforapps"
        }
      },
      "shared_approvals": {
        "runtimeSource": "invoker",
        "connection": {
          "connectionReferenceLogicalName": "ya_sharedapprovals_86958"
        },
        "api": {
          "name": "shared_approvals"
        }
      }
    },
    "definition": {
      "$schema": "https://schema.management.azure.com/providers/Microsoft.Logic/schemas/2016-06-01/workflowdefinition.json#",
      "contentVersion": "1.0.0.0",
      "parameters": {
        "$connections": {
          "defaultValue": {},
          "type": "Object"
        },
        "$authentication": {
          "defaultValue": {},
          "type": "SecureObject"
        }
      },
      "triggers": {
        "manual": {
          "metadata": {
            "operationMetadataId": "e73ed3cb-bed5-43d2-9078-de9a3a5da48b"
          },
          "type": "Request",
          "kind": "PowerAppV2",
          "inputs": {
            "schema": {
              "type": "object",
              "properties": {
                "text": {
                  "title": "DocumentID",
                  "type": "string",
                  "x-ms-dynamically-added": true,
                  "description": "Documentを指定してください",
                  "x-ms-content-hint": "TEXT"
                },
                "text_1": {
                  "title": "ReceiverID",
                  "type": "string",
                  "x-ms-dynamically-added": true,
                  "description": "Receiverを入力してください",
                  "x-ms-content-hint": "TEXT"
                }
              },
              "required": [
                "text",
                "text_1"
              ]
            }
          }
        }
      },
      "actions": {
        "文書を取得する": {
          "runAfter": {},
          "metadata": {
            "operationMetadataId": "8f22df4c-9e35-4f8f-9628-d1bb96c18e5d"
          },
          "type": "OpenApiConnection",
          "inputs": {
            "host": {
              "connectionName": "shared_commondataserviceforapps",
              "operationId": "GetItem",
              "apiId": "/providers/Microsoft.PowerApps/apis/shared_commondataserviceforapps"
            },
            "parameters": {
              "entityName": "ya_documents",
              "recordId": "@triggerBody()['text']"
            },
            "authentication": "@parameters('$authentication')"
          }
        },
        "回覧先を取得する": {
          "runAfter": {
            "発信者を取得する": [
              "Succeeded"
            ]
          },
          "metadata": {
            "operationMetadataId": "377e9a82-3272-4244-bd7c-7cc10d60855a"
          },
          "type": "OpenApiConnection",
          "inputs": {
            "host": {
              "connectionName": "shared_commondataserviceforapps",
              "operationId": "GetItem",
              "apiId": "/providers/Microsoft.PowerApps/apis/shared_commondataserviceforapps"
            },
            "parameters": {
              "entityName": "systemusers",
              "recordId": "@triggerBody()['text_1']"
            },
            "authentication": "@parameters('$authentication')"
          }
        },
        "開始して承認を待機": {
          "runAfter": {
            "変数を初期化する": [
              "Succeeded"
            ]
          },
          "metadata": {
            "operationMetadataId": "1730235a-db01-45df-8953-61b4fd3795e2"
          },
          "type": "OpenApiConnectionWebhook",
          "inputs": {
            "host": {
              "connectionName": "shared_approvals",
              "operationId": "StartAndWaitForAnApproval",
              "apiId": "/providers/Microsoft.PowerApps/apis/shared_approvals"
            },
            "parameters": {
              "approvalType": "CustomResponse",
              "WebhookApprovalCreationInput/responseOptions": [
                "確認済"
              ],
              "WebhookApprovalCreationInput/title": "[@{body('文書JSONの解析')?['ya_priority@OData.Community.Display.V1.FormattedValue']}] @{outputs('文書を取得する')?['body/ya_subject']}",
              "WebhookApprovalCreationInput/assignedTo": "@{outputs('回覧先を取得する')?['body/internalemailaddress']};",
              "WebhookApprovalCreationInput/details": "資料を確認し、確認済ボタンをクリックしてください。\n\n件名: @{outputs('文書を取得する')?['body/ya_subject']}\n概要: @{outputs('文書を取得する')?['body/ya_overview']}\n発信者: @{outputs('発信者を取得する')?['body/fullname']}",
              "WebhookApprovalCreationInput/requestor": "@{outputs('発信者を取得する')?['body/internalemailaddress']};",
              "WebhookApprovalCreationInput/enableNotifications": true,
              "WebhookApprovalCreationInput/enableReassignment": true,
              "WebhookApprovalCreationInput/attachments": [
                {
                  "name": "@body('文書JSONの解析')?['ya_documentfile_name']",
                  "content": "@body('文書ファイルをダウンロードする')"
                }
              ]
            },
            "authentication": "@parameters('$authentication')"
          }
        },
        "発信者を取得する": {
          "runAfter": {
            "文書ファイルをダウンロードする": [
              "Succeeded"
            ]
          },
          "metadata": {
            "operationMetadataId": "314e5673-49ef-4650-b722-dcace5feac23"
          },
          "type": "OpenApiConnection",
          "inputs": {
            "host": {
              "connectionName": "shared_commondataserviceforapps",
              "operationId": "GetItem",
              "apiId": "/providers/Microsoft.PowerApps/apis/shared_commondataserviceforapps"
            },
            "parameters": {
              "entityName": "systemusers",
              "recordId": "@outputs('文書を取得する')?['body/_createdby_value']"
            },
            "authentication": "@parameters('$authentication')"
          }
        },
        "文書ファイルをダウンロードする": {
          "runAfter": {
            "文書JSONの解析": [
              "Succeeded"
            ]
          },
          "metadata": {
            "operationMetadataId": "2b2e7648-1630-4890-8016-07b8743ca979"
          },
          "type": "OpenApiConnection",
          "inputs": {
            "host": {
              "connectionName": "shared_commondataserviceforapps",
              "operationId": "GetEntityFileImageFieldContent",
              "apiId": "/providers/Microsoft.PowerApps/apis/shared_commondataserviceforapps"
            },
            "parameters": {
              "entityName": "ya_documents",
              "recordId": "@outputs('文書を取得する')?['body/ya_documentid']",
              "fileImageFieldName": "ya_documentfile"
            },
            "authentication": "@parameters('$authentication')"
          }
        },
        "文書JSONの解析": {
          "runAfter": {
            "文書を取得する": [
              "Succeeded"
            ]
          },
          "metadata": {
            "operationMetadataId": "ed1c0ca5-bb34-4821-9372-876123b69934"
          },
          "type": "ParseJson",
          "inputs": {
            "content": "@body('文書を取得する')",
            "schema": {
              "type": "object",
              "properties": {
                "@@odata.context": {
                  "type": "string"
                },
                "@@odata.type": {
                  "type": "string"
                },
                "@@odata.id": {
                  "type": "string"
                },
                "@@odata.etag": {
                  "type": "string"
                },
                "@@odata.editLink": {
                  "type": "string"
                },
                "ya_enddate@OData.Community.Display.V1.FormattedValue": {
                  "type": "string"
                },
                "ya_enddate@odata.type": {
                  "type": "string"
                },
                "ya_enddate": {
                  "type": "string"
                },
                "ya_startdate@OData.Community.Display.V1.FormattedValue": {
                  "type": "string"
                },
                "ya_startdate@odata.type": {
                  "type": "string"
                },
                "ya_startdate": {
                  "type": "string"
                },
                "_owningbusinessunit_value@OData.Community.Display.V1.FormattedValue": {
                  "type": "string"
                },
                "_owningbusinessunit_value@Microsoft.Dynamics.CRM.associatednavigationproperty": {
                  "type": "string"
                },
                "_owningbusinessunit_value@Microsoft.Dynamics.CRM.lookuplogicalname": {
                  "type": "string"
                },
                "_owningbusinessunit_value@odata.type": {
                  "type": "string"
                },
                "_owningbusinessunit_value": {
                  "type": "string"
                },
                "ya_documentfile_name": {
                  "type": "string"
                },
                "statecode@OData.Community.Display.V1.FormattedValue": {
                  "type": "string"
                },
                "statecode": {
                  "type": "integer"
                },
                "statuscode@OData.Community.Display.V1.FormattedValue": {
                  "type": "string"
                },
                "statuscode": {
                  "type": "integer"
                },
                "_createdby_value@OData.Community.Display.V1.FormattedValue": {
                  "type": "string"
                },
                "_createdby_value@Microsoft.Dynamics.CRM.lookuplogicalname": {
                  "type": "string"
                },
                "_createdby_value@odata.type": {
                  "type": "string"
                },
                "_createdby_value": {
                  "type": "string"
                },
                "ya_documenttype@OData.Community.Display.V1.FormattedValue": {
                  "type": "string"
                },
                "ya_documenttype": {
                  "type": "integer"
                },
                "timezoneruleversionnumber@OData.Community.Display.V1.FormattedValue": {
                  "type": "string"
                },
                "timezoneruleversionnumber": {
                  "type": "integer"
                },
                "ya_documentid@odata.type": {
                  "type": "string"
                },
                "ya_documentid": {
                  "type": "string"
                },
                "_ownerid_value@OData.Community.Display.V1.FormattedValue": {
                  "type": "string"
                },
                "_ownerid_value@Microsoft.Dynamics.CRM.associatednavigationproperty": {
                  "type": "string"
                },
                "_ownerid_value@Microsoft.Dynamics.CRM.lookuplogicalname": {
                  "type": "string"
                },
                "_ownerid_value@odata.type": {
                  "type": "string"
                },
                "_ownerid_value": {
                  "type": "string"
                },
                "modifiedon@OData.Community.Display.V1.FormattedValue": {
                  "type": "string"
                },
                "modifiedon@odata.type": {
                  "type": "string"
                },
                "modifiedon": {
                  "type": "string"
                },
                "_modifiedby_value@OData.Community.Display.V1.FormattedValue": {
                  "type": "string"
                },
                "_modifiedby_value@Microsoft.Dynamics.CRM.lookuplogicalname": {
                  "type": "string"
                },
                "_modifiedby_value@odata.type": {
                  "type": "string"
                },
                "_modifiedby_value": {
                  "type": "string"
                },
                "ya_subject": {
                  "type": "string"
                },
                "_owninguser_value@Microsoft.Dynamics.CRM.lookuplogicalname": {
                  "type": "string"
                },
                "_owninguser_value@odata.type": {
                  "type": "string"
                },
                "_owninguser_value": {
                  "type": "string"
                },
                "ya_priority@OData.Community.Display.V1.FormattedValue": {
                  "type": "string"
                },
                "ya_priority": {
                  "type": "integer"
                },
                "versionnumber@OData.Community.Display.V1.FormattedValue": {
                  "type": "string"
                },
                "versionnumber@odata.type": {
                  "type": "string"
                },
                "versionnumber": {
                  "type": "integer"
                },
                "ya_documentfile": {
                  "type": "string"
                },
                "ya_overview": {
                  "type": "string"
                },
                "createdon@OData.Community.Display.V1.FormattedValue": {
                  "type": "string"
                },
                "createdon@odata.type": {
                  "type": "string"
                },
                "createdon": {
                  "type": "string"
                },
                "owningbusinessunit@odata.associationLink": {
                  "type": "string"
                },
                "owningbusinessunit@odata.navigationLink": {
                  "type": "string"
                },
                "ownerid@odata.associationLink": {
                  "type": "string"
                },
                "ownerid@odata.navigationLink": {
                  "type": "string"
                },
                "createdby@odata.associationLink": {
                  "type": "string"
                },
                "createdby@odata.navigationLink": {
                  "type": "string"
                },
                "createdonbehalfby@odata.associationLink": {
                  "type": "string"
                },
                "createdonbehalfby@odata.navigationLink": {
                  "type": "string"
                },
                "modifiedby@odata.associationLink": {
                  "type": "string"
                },
                "modifiedby@odata.navigationLink": {
                  "type": "string"
                },
                "modifiedonbehalfby@odata.associationLink": {
                  "type": "string"
                },
                "modifiedonbehalfby@odata.navigationLink": {
                  "type": "string"
                },
                "owninguser@odata.associationLink": {
                  "type": "string"
                },
                "owninguser@odata.navigationLink": {
                  "type": "string"
                },
                "owningteam@odata.associationLink": {
                  "type": "string"
                },
                "owningteam@odata.navigationLink": {
                  "type": "string"
                },
                "ya_document_SyncErrors@odata.associationLink": {
                  "type": "string"
                },
                "ya_document_SyncErrors@odata.navigationLink": {
                  "type": "string"
                },
                "ya_document_AsyncOperations@odata.associationLink": {
                  "type": "string"
                },
                "ya_document_AsyncOperations@odata.navigationLink": {
                  "type": "string"
                },
                "ya_document_MailboxTrackingFolders@odata.associationLink": {
                  "type": "string"
                },
                "ya_document_MailboxTrackingFolders@odata.navigationLink": {
                  "type": "string"
                },
                "ya_document_UserEntityInstanceDatas@odata.associationLink": {
                  "type": "string"
                },
                "ya_document_UserEntityInstanceDatas@odata.navigationLink": {
                  "type": "string"
                },
                "ya_document_ProcessSession@odata.associationLink": {
                  "type": "string"
                },
                "ya_document_ProcessSession@odata.navigationLink": {
                  "type": "string"
                },
                "ya_document_BulkDeleteFailures@odata.associationLink": {
                  "type": "string"
                },
                "ya_document_BulkDeleteFailures@odata.navigationLink": {
                  "type": "string"
                },
                "ya_document_PrincipalObjectAttributeAccesses@odata.associationLink": {
                  "type": "string"
                },
                "ya_document_PrincipalObjectAttributeAccesses@odata.navigationLink": {
                  "type": "string"
                },
                "ya_document_DuplicateMatchingRecord@odata.associationLink": {
                  "type": "string"
                },
                "ya_document_DuplicateMatchingRecord@odata.navigationLink": {
                  "type": "string"
                },
                "ya_document_DuplicateBaseRecord@odata.associationLink": {
                  "type": "string"
                },
                "ya_document_DuplicateBaseRecord@odata.navigationLink": {
                  "type": "string"
                },
                "ya_document_FileAttachments@odata.associationLink": {
                  "type": "string"
                },
                "ya_document_FileAttachments@odata.navigationLink": {
                  "type": "string"
                },
                "ya_AaduserDocument_ya_Document_ya_Documen@odata.associationLink": {
                  "type": "string"
                },
                "ya_AaduserDocument_ya_Document_ya_Documen@odata.navigationLink": {
                  "type": "string"
                }
              }
            }
          }
        },
        "条件": {
          "actions": {
            "AADUserDocument行を取得する": {
              "runAfter": {},
              "metadata": {
                "operationMetadataId": "e40751ed-d110-4da6-847a-4c7a10c26669"
              },
              "type": "OpenApiConnection",
              "inputs": {
                "host": {
                  "connectionName": "shared_commondataserviceforapps",
                  "operationId": "ListRecords",
                  "apiId": "/providers/Microsoft.PowerApps/apis/shared_commondataserviceforapps"
                },
                "parameters": {
                  "entityName": "ya_aaduserdocuments",
                  "$filter": "ya_documentid eq '@{triggerBody()['text']}' and ya_receiver eq '@{triggerBody()['text_1']}'",
                  "$top": 1
                },
                "authentication": "@parameters('$authentication')"
              }
            },
            "行を更新する": {
              "runAfter": {
                "Apply_to_each": [
                  "Succeeded"
                ]
              },
              "metadata": {
                "operationMetadataId": "d2eb2fd8-55da-4d1a-a348-a49cb0eacb88"
              },
              "type": "OpenApiConnection",
              "inputs": {
                "host": {
                  "connectionName": "shared_commondataserviceforapps",
                  "operationId": "UpdateRecord",
                  "apiId": "/providers/Microsoft.PowerApps/apis/shared_commondataserviceforapps"
                },
                "parameters": {
                  "entityName": "ya_aaduserdocuments",
                  "recordId": "@first(outputs('AADUserDocument行を取得する')?['body/value'])?['AaduserDocumentID']",
                  "item/ya_comments": "@variables('確認コメント')",
                  "item/ya_checkedon": "@outputs('開始して承認を待機')?['body/completionDate']"
                },
                "authentication": "@parameters('$authentication')"
              }
            },
            "Apply_to_each": {
              "foreach": "@outputs('開始して承認を待機')?['body/responses']",
              "actions": {
                "文字列変数に追加": {
                  "runAfter": {},
                  "metadata": {
                    "operationMetadataId": "f334b6b8-8fa5-4da5-8783-0e403526f666"
                  },
                  "type": "AppendToStringVariable",
                  "inputs": {
                    "name": "確認コメント",
                    "value": "@{items('Apply_to_each')?['responder/displayName']}: @{items('Apply_to_each')?['comments']}\n"
                  }
                }
              },
              "runAfter": {
                "AADUserDocument行を取得する": [
                  "Succeeded"
                ]
              },
              "metadata": {
                "operationMetadataId": "a02bd0c4-ac0c-4e3a-8ac4-8b412e2379bf"
              },
              "type": "Foreach"
            }
          },
          "runAfter": {
            "開始して承認を待機": [
              "Succeeded"
            ]
          },
          "expression": {
            "equals": [
              "@outputs('開始して承認を待機')?['body/outcome']",
              "確認済"
            ]
          },
          "metadata": {
            "operationMetadataId": "59cc4e9a-1948-4aca-b00c-f596e45c7213"
          },
          "type": "If"
        },
        "変数を初期化する": {
          "runAfter": {
            "回覧先を取得する": [
              "Succeeded"
            ]
          },
          "metadata": {
            "operationMetadataId": "bb6e14a4-f9f8-40ae-a934-a725417d4440"
          },
          "type": "InitializeVariable",
          "inputs": {
            "variables": [
              {
                "name": "確認コメント",
                "type": "string"
              }
            ]
          }
        }
      }
    },
    "templateName": ""
  },
  "schemaVersion": "1.0.0.0"
}