{
  "properties": {
    "connectionReferences": {
      "shared_commondataserviceforapps": {
        "runtimeSource": "embedded",
        "connection": {
          "connectionReferenceLogicalName": "ya_sharedcommondataserviceforapps_2f56e"
        },
        "api": {
          "name": "shared_commondataserviceforapps"
        }
      }
    },
    "definition": {
      "$schema": "https://schema.management.azure.com/providers/Microsoft.Logic/schemas/2016-06-01/workflowdefinition.json#",
      "contentVersion": "1.0.0.0",
      "parameters": {
        "$connections": {
          "defaultValue": {},
          "type": "Object"
        },
        "$authentication": {
          "defaultValue": {},
          "type": "SecureObject"
        }
      },
      "triggers": {
        "Recurrence": {
          "recurrence": {
            "frequency": "Day",
            "interval": 1,
            "startTime": "2022-12-04T00:15:00Z"
          },
          "metadata": {
            "operationMetadataId": "2ec0a179-c61f-444f-b2c7-6fae754d6fda"
          },
          "type": "Recurrence"
        }
      },
      "actions": {
        "公開期間に該当する文書を一覧にする": {
          "runAfter": {
            "変数を初期化する": [
              "Succeeded"
            ]
          },
          "metadata": {
            "operationMetadataId": "62bcc6e4-4a66-498c-936a-cf56f2b17738"
          },
          "type": "OpenApiConnection",
          "inputs": {
            "host": {
              "connectionName": "shared_commondataserviceforapps",
              "operationId": "ListRecords",
              "apiId": "/providers/Microsoft.PowerApps/apis/shared_commondataserviceforapps"
            },
            "parameters": {
              "entityName": "ya_documents",
              "$filter": "ya_startdate le @{variables('現在日時JST')} and ya_enddate ge @{variables('現在日時JST')}",
              "$expand": "ya_AaduserDocument_ya_Document_ya_Documen"
            },
            "authentication": "@parameters('$authentication')"
          }
        },
        "変数を初期化する": {
          "runAfter": {},
          "metadata": {
            "operationMetadataId": "ecaceef7-a0a2-4053-a210-6986f62cd0b6"
          },
          "type": "InitializeVariable",
          "inputs": {
            "variables": [
              {
                "name": "現在日時JST",
                "type": "string",
                "value": "@{formatDateTime(addHours(utcNow(), 9), 'yyyy-MM-ddTHH:mm:ssZ', 'ja-JP')}"
              }
            ]
          },
          "description": "formatDateTime(addHours(utcNow(), 9), 'yyyy-MM-ddTHH:mm:ssZ', 'ja-JP')"
        },
        "文書ごと": {
          "foreach": "@outputs('公開期間に該当する文書を一覧にする')?['body/value']",
          "actions": {
            "作成": {
              "runAfter": {},
              "metadata": {
                "operationMetadataId": "60991635-310b-419b-b71a-a6247eed3fbc"
              },
              "type": "Compose",
              "inputs": "@items('文書ごと')"
            },
            "JSON_の解析": {
              "runAfter": {
                "作成": [
                  "Succeeded"
                ]
              },
              "metadata": {
                "operationMetadataId": "1f813161-3197-41a1-80af-3a0162149788"
              },
              "type": "ParseJson",
              "inputs": {
                "content": "@items('文書ごと')",
                "schema": {
                  "type": "object",
                  "properties": {
                    "@@odata.type": {
                      "type": "string"
                    },
                    "@@odata.id": {
                      "type": "string"
                    },
                    "@@odata.etag": {
                      "type": "string"
                    },
                    "@@odata.editLink": {
                      "type": "string"
                    },
                    "_owningbusinessunit_value@OData.Community.Display.V1.FormattedValue": {
                      "type": "string"
                    },
                    "_owningbusinessunit_value@Microsoft.Dynamics.CRM.associatednavigationproperty": {
                      "type": "string"
                    },
                    "_owningbusinessunit_value@Microsoft.Dynamics.CRM.lookuplogicalname": {
                      "type": "string"
                    },
                    "_owningbusinessunit_value@odata.type": {
                      "type": "string"
                    },
                    "_owningbusinessunit_value": {
                      "type": "string"
                    },
                    "_modifiedby_value@OData.Community.Display.V1.FormattedValue": {
                      "type": "string"
                    },
                    "_modifiedby_value@Microsoft.Dynamics.CRM.lookuplogicalname": {
                      "type": "string"
                    },
                    "_modifiedby_value@odata.type": {
                      "type": "string"
                    },
                    "_modifiedby_value": {
                      "type": "string"
                    },
                    "modifiedon@OData.Community.Display.V1.FormattedValue": {
                      "type": "string"
                    },
                    "modifiedon@odata.type": {
                      "type": "string"
                    },
                    "modifiedon": {
                      "type": "string"
                    },
                    "statuscode@OData.Community.Display.V1.FormattedValue": {
                      "type": "string"
                    },
                    "statuscode": {
                      "type": "integer"
                    },
                    "_createdby_value@OData.Community.Display.V1.FormattedValue": {
                      "type": "string"
                    },
                    "_createdby_value@Microsoft.Dynamics.CRM.lookuplogicalname": {
                      "type": "string"
                    },
                    "_createdby_value@odata.type": {
                      "type": "string"
                    },
                    "_createdby_value": {
                      "type": "string"
                    },
                    "createdon@OData.Community.Display.V1.FormattedValue": {
                      "type": "string"
                    },
                    "createdon@odata.type": {
                      "type": "string"
                    },
                    "createdon": {
                      "type": "string"
                    },
                    "_ownerid_value@OData.Community.Display.V1.FormattedValue": {
                      "type": "string"
                    },
                    "_ownerid_value@Microsoft.Dynamics.CRM.associatednavigationproperty": {
                      "type": "string"
                    },
                    "_ownerid_value@Microsoft.Dynamics.CRM.lookuplogicalname": {
                      "type": "string"
                    },
                    "_ownerid_value@odata.type": {
                      "type": "string"
                    },
                    "_ownerid_value": {
                      "type": "string"
                    },
                    "versionnumber@OData.Community.Display.V1.FormattedValue": {
                      "type": "string"
                    },
                    "versionnumber@odata.type": {
                      "type": "string"
                    },
                    "versionnumber": {
                      "type": "integer"
                    },
                    "ya_enddate@OData.Community.Display.V1.FormattedValue": {
                      "type": "string"
                    },
                    "ya_enddate@odata.type": {
                      "type": "string"
                    },
                    "ya_enddate": {
                      "type": "string"
                    },
                    "statecode@OData.Community.Display.V1.FormattedValue": {
                      "type": "string"
                    },
                    "statecode": {
                      "type": "integer"
                    },
                    "ya_subject": {
                      "type": "string"
                    },
                    "ya_overview": {
                      "type": "string"
                    },
                    "ya_documentfile": {
                      "type": "string"
                    },
                    "ya_documenttype@OData.Community.Display.V1.FormattedValue": {
                      "type": "string"
                    },
                    "ya_documenttype": {
                      "type": "integer"
                    },
                    "ya_priority@OData.Community.Display.V1.FormattedValue": {
                      "type": "string"
                    },
                    "ya_priority": {
                      "type": "integer"
                    },
                    "timezoneruleversionnumber@OData.Community.Display.V1.FormattedValue": {
                      "type": "string"
                    },
                    "timezoneruleversionnumber": {
                      "type": "integer"
                    },
                    "ya_startdate@OData.Community.Display.V1.FormattedValue": {
                      "type": "string"
                    },
                    "ya_startdate@odata.type": {
                      "type": "string"
                    },
                    "ya_startdate": {
                      "type": "string"
                    },
                    "ya_documentid@odata.type": {
                      "type": "string"
                    },
                    "ya_documentid": {
                      "type": "string"
                    },
                    "_owninguser_value@Microsoft.Dynamics.CRM.lookuplogicalname": {
                      "type": "string"
                    },
                    "_owninguser_value@odata.type": {
                      "type": "string"
                    },
                    "_owninguser_value": {
                      "type": "string"
                    },
                    "ya_documentfile_name": {
                      "type": "string"
                    },
                    "createdby@odata.associationLink": {
                      "type": "string"
                    },
                    "createdby@odata.navigationLink": {
                      "type": "string"
                    },
                    "createdonbehalfby@odata.associationLink": {
                      "type": "string"
                    },
                    "createdonbehalfby@odata.navigationLink": {
                      "type": "string"
                    },
                    "modifiedby@odata.associationLink": {
                      "type": "string"
                    },
                    "modifiedby@odata.navigationLink": {
                      "type": "string"
                    },
                    "modifiedonbehalfby@odata.associationLink": {
                      "type": "string"
                    },
                    "modifiedonbehalfby@odata.navigationLink": {
                      "type": "string"
                    },
                    "owninguser@odata.associationLink": {
                      "type": "string"
                    },
                    "owninguser@odata.navigationLink": {
                      "type": "string"
                    },
                    "owningteam@odata.associationLink": {
                      "type": "string"
                    },
                    "owningteam@odata.navigationLink": {
                      "type": "string"
                    },
                    "ownerid@odata.associationLink": {
                      "type": "string"
                    },
                    "ownerid@odata.navigationLink": {
                      "type": "string"
                    },
                    "owningbusinessunit@odata.associationLink": {
                      "type": "string"
                    },
                    "owningbusinessunit@odata.navigationLink": {
                      "type": "string"
                    },
                    "ya_document_SyncErrors@odata.associationLink": {
                      "type": "string"
                    },
                    "ya_document_SyncErrors@odata.navigationLink": {
                      "type": "string"
                    },
                    "ya_document_AsyncOperations@odata.associationLink": {
                      "type": "string"
                    },
                    "ya_document_AsyncOperations@odata.navigationLink": {
                      "type": "string"
                    },
                    "ya_document_MailboxTrackingFolders@odata.associationLink": {
                      "type": "string"
                    },
                    "ya_document_MailboxTrackingFolders@odata.navigationLink": {
                      "type": "string"
                    },
                    "ya_document_UserEntityInstanceDatas@odata.associationLink": {
                      "type": "string"
                    },
                    "ya_document_UserEntityInstanceDatas@odata.navigationLink": {
                      "type": "string"
                    },
                    "ya_document_ProcessSession@odata.associationLink": {
                      "type": "string"
                    },
                    "ya_document_ProcessSession@odata.navigationLink": {
                      "type": "string"
                    },
                    "ya_document_BulkDeleteFailures@odata.associationLink": {
                      "type": "string"
                    },
                    "ya_document_BulkDeleteFailures@odata.navigationLink": {
                      "type": "string"
                    },
                    "ya_document_PrincipalObjectAttributeAccesses@odata.associationLink": {
                      "type": "string"
                    },
                    "ya_document_PrincipalObjectAttributeAccesses@odata.navigationLink": {
                      "type": "string"
                    },
                    "ya_document_DuplicateMatchingRecord@odata.associationLink": {
                      "type": "string"
                    },
                    "ya_document_DuplicateMatchingRecord@odata.navigationLink": {
                      "type": "string"
                    },
                    "ya_document_DuplicateBaseRecord@odata.associationLink": {
                      "type": "string"
                    },
                    "ya_document_DuplicateBaseRecord@odata.navigationLink": {
                      "type": "string"
                    },
                    "ya_document_FileAttachments@odata.associationLink": {
                      "type": "string"
                    },
                    "ya_document_FileAttachments@odata.navigationLink": {
                      "type": "string"
                    },
                    "ya_AaduserDocument_ya_Document_ya_Documen@odata.associationLink": {
                      "type": "string"
                    },
                    "ya_AaduserDocument_ya_Document_ya_Documen@odata.navigationLink": {
                      "type": "string"
                    },
                    "ya_AaduserDocument_ya_Document_ya_Documen@odata.type": {
                      "type": "string"
                    },
                    "ya_AaduserDocument_ya_Document_ya_Documen": {
                      "type": "array",
                      "items": {
                        "type": "object",
                        "properties": {
                          "@@odata.type": {
                            "type": "string"
                          },
                          "@@odata.id": {
                            "type": "string"
                          },
                          "@@odata.etag": {
                            "type": "string"
                          },
                          "@@odata.editLink": {
                            "type": "string"
                          },
                          "createdon@OData.Community.Display.V1.FormattedValue": {
                            "type": "string"
                          },
                          "createdon@odata.type": {
                            "type": "string"
                          },
                          "createdon": {
                            "type": "string"
                          },
                          "_modifiedonbehalfby_value": {},
                          "_createdonbehalfby_value": {},
                          "_modifiedby_value@OData.Community.Display.V1.FormattedValue": {
                            "type": "string"
                          },
                          "_modifiedby_value@Microsoft.Dynamics.CRM.lookuplogicalname": {
                            "type": "string"
                          },
                          "_modifiedby_value@odata.type": {
                            "type": "string"
                          },
                          "_modifiedby_value": {
                            "type": "string"
                          },
                          "ya_checkedon": {},
                          "timezoneruleversionnumber": {},
                          "_ownerid_value@OData.Community.Display.V1.FormattedValue": {
                            "type": "string"
                          },
                          "_ownerid_value@Microsoft.Dynamics.CRM.associatednavigationproperty": {
                            "type": "string"
                          },
                          "_ownerid_value@Microsoft.Dynamics.CRM.lookuplogicalname": {
                            "type": "string"
                          },
                          "_ownerid_value@odata.type": {
                            "type": "string"
                          },
                          "_ownerid_value": {
                            "type": "string"
                          },
                          "statecode@OData.Community.Display.V1.FormattedValue": {
                            "type": "string"
                          },
                          "statecode": {
                            "type": "integer"
                          },
                          "_owningbusinessunit_value@OData.Community.Display.V1.FormattedValue": {
                            "type": "string"
                          },
                          "_owningbusinessunit_value@Microsoft.Dynamics.CRM.associatednavigationproperty": {
                            "type": "string"
                          },
                          "_owningbusinessunit_value@Microsoft.Dynamics.CRM.lookuplogicalname": {
                            "type": "string"
                          },
                          "_owningbusinessunit_value@odata.type": {
                            "type": "string"
                          },
                          "_owningbusinessunit_value": {
                            "type": "string"
                          },
                          "versionnumber@OData.Community.Display.V1.FormattedValue": {
                            "type": "string"
                          },
                          "versionnumber@odata.type": {
                            "type": "string"
                          },
                          "versionnumber": {
                            "type": "integer"
                          },
                          "_ya_document_value@OData.Community.Display.V1.FormattedValue": {
                            "type": "string"
                          },
                          "_ya_document_value@Microsoft.Dynamics.CRM.associatednavigationproperty": {
                            "type": "string"
                          },
                          "_ya_document_value@Microsoft.Dynamics.CRM.lookuplogicalname": {
                            "type": "string"
                          },
                          "_ya_document_value@odata.type": {
                            "type": "string"
                          },
                          "_ya_document_value": {
                            "type": "string"
                          },
                          "importsequencenumber": {},
                          "_owninguser_value@Microsoft.Dynamics.CRM.lookuplogicalname": {
                            "type": "string"
                          },
                          "_owninguser_value@odata.type": {
                            "type": "string"
                          },
                          "_owninguser_value": {
                            "type": "string"
                          },
                          "modifiedon@OData.Community.Display.V1.FormattedValue": {
                            "type": "string"
                          },
                          "modifiedon@odata.type": {
                            "type": "string"
                          },
                          "modifiedon": {
                            "type": "string"
                          },
                          "statuscode@OData.Community.Display.V1.FormattedValue": {
                            "type": "string"
                          },
                          "statuscode": {
                            "type": "integer"
                          },
                          "_owningteam_value": {},
                          "ya_aaduserdocumentid@odata.type": {
                            "type": "string"
                          },
                          "ya_aaduserdocumentid": {
                            "type": "string"
                          },
                          "_createdby_value@OData.Community.Display.V1.FormattedValue": {
                            "type": "string"
                          },
                          "_createdby_value@Microsoft.Dynamics.CRM.lookuplogicalname": {
                            "type": "string"
                          },
                          "_createdby_value@odata.type": {
                            "type": "string"
                          },
                          "_createdby_value": {
                            "type": "string"
                          },
                          "ya_id": {
                            "type": "string"
                          },
                          "overriddencreatedon": {},
                          "_ya_aaduser_value@Microsoft.Dynamics.CRM.associatednavigationproperty": {
                            "type": "string"
                          },
                          "_ya_aaduser_value@Microsoft.Dynamics.CRM.lookuplogicalname": {
                            "type": "string"
                          },
                          "_ya_aaduser_value@odata.type": {
                            "type": "string"
                          },
                          "_ya_aaduser_value": {
                            "type": "string"
                          },
                          "utcconversiontimezonecode": {},
                          "createdby@odata.associationLink": {
                            "type": "string"
                          },
                          "createdby@odata.navigationLink": {
                            "type": "string"
                          },
                          "createdonbehalfby@odata.associationLink": {
                            "type": "string"
                          },
                          "createdonbehalfby@odata.navigationLink": {
                            "type": "string"
                          },
                          "modifiedby@odata.associationLink": {
                            "type": "string"
                          },
                          "modifiedby@odata.navigationLink": {
                            "type": "string"
                          },
                          "modifiedonbehalfby@odata.associationLink": {
                            "type": "string"
                          },
                          "modifiedonbehalfby@odata.navigationLink": {
                            "type": "string"
                          },
                          "owninguser@odata.associationLink": {
                            "type": "string"
                          },
                          "owninguser@odata.navigationLink": {
                            "type": "string"
                          },
                          "owningteam@odata.associationLink": {
                            "type": "string"
                          },
                          "owningteam@odata.navigationLink": {
                            "type": "string"
                          },
                          "ownerid@odata.associationLink": {
                            "type": "string"
                          },
                          "ownerid@odata.navigationLink": {
                            "type": "string"
                          },
                          "owningbusinessunit@odata.associationLink": {
                            "type": "string"
                          },
                          "owningbusinessunit@odata.navigationLink": {
                            "type": "string"
                          },
                          "ya_aaduserdocument_SyncErrors@odata.associationLink": {
                            "type": "string"
                          },
                          "ya_aaduserdocument_SyncErrors@odata.navigationLink": {
                            "type": "string"
                          },
                          "ya_aaduserdocument_DuplicateMatchingRecord@odata.associationLink": {
                            "type": "string"
                          },
                          "ya_aaduserdocument_DuplicateMatchingRecord@odata.navigationLink": {
                            "type": "string"
                          },
                          "ya_aaduserdocument_DuplicateBaseRecord@odata.associationLink": {
                            "type": "string"
                          },
                          "ya_aaduserdocument_DuplicateBaseRecord@odata.navigationLink": {
                            "type": "string"
                          },
                          "ya_aaduserdocument_AsyncOperations@odata.associationLink": {
                            "type": "string"
                          },
                          "ya_aaduserdocument_AsyncOperations@odata.navigationLink": {
                            "type": "string"
                          },
                          "ya_aaduserdocument_MailboxTrackingFolders@odata.associationLink": {
                            "type": "string"
                          },
                          "ya_aaduserdocument_MailboxTrackingFolders@odata.navigationLink": {
                            "type": "string"
                          },
                          "ya_aaduserdocument_UserEntityInstanceDatas@odata.associationLink": {
                            "type": "string"
                          },
                          "ya_aaduserdocument_UserEntityInstanceDatas@odata.navigationLink": {
                            "type": "string"
                          },
                          "ya_aaduserdocument_ProcessSession@odata.associationLink": {
                            "type": "string"
                          },
                          "ya_aaduserdocument_ProcessSession@odata.navigationLink": {
                            "type": "string"
                          },
                          "ya_aaduserdocument_BulkDeleteFailures@odata.associationLink": {
                            "type": "string"
                          },
                          "ya_aaduserdocument_BulkDeleteFailures@odata.navigationLink": {
                            "type": "string"
                          },
                          "ya_aaduserdocument_PrincipalObjectAttributeAccesses@odata.associationLink": {
                            "type": "string"
                          },
                          "ya_aaduserdocument_PrincipalObjectAttributeAccesses@odata.navigationLink": {
                            "type": "string"
                          },
                          "ya_aaduser@odata.associationLink": {
                            "type": "string"
                          },
                          "ya_aaduser@odata.navigationLink": {
                            "type": "string"
                          },
                          "ya_Document@odata.associationLink": {
                            "type": "string"
                          },
                          "ya_Document@odata.navigationLink": {
                            "type": "string"
                          }
                        },
                        "required": [
                          "@@odata.type",
                          "@@odata.id",
                          "@@odata.etag",
                          "@@odata.editLink",
                          "createdon@OData.Community.Display.V1.FormattedValue",
                          "createdon@odata.type",
                          "createdon",
                          "_modifiedonbehalfby_value",
                          "_createdonbehalfby_value",
                          "_modifiedby_value@OData.Community.Display.V1.FormattedValue",
                          "_modifiedby_value@Microsoft.Dynamics.CRM.lookuplogicalname",
                          "_modifiedby_value@odata.type",
                          "_modifiedby_value",
                          "ya_checkedon",
                          "timezoneruleversionnumber",
                          "_ownerid_value@OData.Community.Display.V1.FormattedValue",
                          "_ownerid_value@Microsoft.Dynamics.CRM.associatednavigationproperty",
                          "_ownerid_value@Microsoft.Dynamics.CRM.lookuplogicalname",
                          "_ownerid_value@odata.type",
                          "_ownerid_value",
                          "statecode@OData.Community.Display.V1.FormattedValue",
                          "statecode",
                          "_owningbusinessunit_value@OData.Community.Display.V1.FormattedValue",
                          "_owningbusinessunit_value@Microsoft.Dynamics.CRM.associatednavigationproperty",
                          "_owningbusinessunit_value@Microsoft.Dynamics.CRM.lookuplogicalname",
                          "_owningbusinessunit_value@odata.type",
                          "_owningbusinessunit_value",
                          "versionnumber@OData.Community.Display.V1.FormattedValue",
                          "versionnumber@odata.type",
                          "versionnumber",
                          "_ya_document_value@OData.Community.Display.V1.FormattedValue",
                          "_ya_document_value@Microsoft.Dynamics.CRM.associatednavigationproperty",
                          "_ya_document_value@Microsoft.Dynamics.CRM.lookuplogicalname",
                          "_ya_document_value@odata.type",
                          "_ya_document_value",
                          "importsequencenumber",
                          "_owninguser_value@Microsoft.Dynamics.CRM.lookuplogicalname",
                          "_owninguser_value@odata.type",
                          "_owninguser_value",
                          "modifiedon@OData.Community.Display.V1.FormattedValue",
                          "modifiedon@odata.type",
                          "modifiedon",
                          "statuscode@OData.Community.Display.V1.FormattedValue",
                          "statuscode",
                          "_owningteam_value",
                          "ya_aaduserdocumentid@odata.type",
                          "ya_aaduserdocumentid",
                          "_createdby_value@OData.Community.Display.V1.FormattedValue",
                          "_createdby_value@Microsoft.Dynamics.CRM.lookuplogicalname",
                          "_createdby_value@odata.type",
                          "_createdby_value",
                          "ya_id",
                          "overriddencreatedon",
                          "_ya_aaduser_value@Microsoft.Dynamics.CRM.associatednavigationproperty",
                          "_ya_aaduser_value@Microsoft.Dynamics.CRM.lookuplogicalname",
                          "_ya_aaduser_value@odata.type",
                          "_ya_aaduser_value",
                          "utcconversiontimezonecode",
                          "createdby@odata.associationLink",
                          "createdby@odata.navigationLink",
                          "createdonbehalfby@odata.associationLink",
                          "createdonbehalfby@odata.navigationLink",
                          "modifiedby@odata.associationLink",
                          "modifiedby@odata.navigationLink",
                          "modifiedonbehalfby@odata.associationLink",
                          "modifiedonbehalfby@odata.navigationLink",
                          "owninguser@odata.associationLink",
                          "owninguser@odata.navigationLink",
                          "owningteam@odata.associationLink",
                          "owningteam@odata.navigationLink",
                          "ownerid@odata.associationLink",
                          "ownerid@odata.navigationLink",
                          "owningbusinessunit@odata.associationLink",
                          "owningbusinessunit@odata.navigationLink",
                          "ya_aaduserdocument_SyncErrors@odata.associationLink",
                          "ya_aaduserdocument_SyncErrors@odata.navigationLink",
                          "ya_aaduserdocument_DuplicateMatchingRecord@odata.associationLink",
                          "ya_aaduserdocument_DuplicateMatchingRecord@odata.navigationLink",
                          "ya_aaduserdocument_DuplicateBaseRecord@odata.associationLink",
                          "ya_aaduserdocument_DuplicateBaseRecord@odata.navigationLink",
                          "ya_aaduserdocument_AsyncOperations@odata.associationLink",
                          "ya_aaduserdocument_AsyncOperations@odata.navigationLink",
                          "ya_aaduserdocument_MailboxTrackingFolders@odata.associationLink",
                          "ya_aaduserdocument_MailboxTrackingFolders@odata.navigationLink",
                          "ya_aaduserdocument_UserEntityInstanceDatas@odata.associationLink",
                          "ya_aaduserdocument_UserEntityInstanceDatas@odata.navigationLink",
                          "ya_aaduserdocument_ProcessSession@odata.associationLink",
                          "ya_aaduserdocument_ProcessSession@odata.navigationLink",
                          "ya_aaduserdocument_BulkDeleteFailures@odata.associationLink",
                          "ya_aaduserdocument_BulkDeleteFailures@odata.navigationLink",
                          "ya_aaduserdocument_PrincipalObjectAttributeAccesses@odata.associationLink",
                          "ya_aaduserdocument_PrincipalObjectAttributeAccesses@odata.navigationLink",
                          "ya_aaduser@odata.associationLink",
                          "ya_aaduser@odata.navigationLink",
                          "ya_Document@odata.associationLink",
                          "ya_Document@odata.navigationLink"
                        ]
                      }
                    },
                    "ya_AaduserDocument_ya_Document_ya_Documen@odata.nextLink": {
                      "type": "string"
                    }
                  }
                }
              }
            },
            "回覧先ごと": {
              "foreach": "@body('JSON_の解析')?['ya_AaduserDocument_ya_Document_ya_Documen']",
              "actions": {
                "作成_2": {
                  "runAfter": {},
                  "metadata": {
                    "operationMetadataId": "781ac066-b618-4080-9179-a3b11b3578ad"
                  },
                  "type": "Compose",
                  "inputs": "@items('回覧先ごと')?['_ya_aaduser_value']",
                  "description": "Dataverse「IDで行を取得する」アクションからAAD Usersテーブルにアクセスできないので一旦保留 https://powerusers.microsoft.com/t5/Building-Flows/Dataverse-List-rows-AAD-Error-AccessToken-not-found/td-p/1758149"
                }
              },
              "runAfter": {
                "JSON_の解析": [
                  "Succeeded"
                ]
              },
              "metadata": {
                "operationMetadataId": "31c1b0b9-80fc-4bd4-bd05-2859d3137eac"
              },
              "type": "Foreach"
            }
          },
          "runAfter": {
            "公開期間に該当する文書を一覧にする": [
              "Succeeded"
            ]
          },
          "metadata": {
            "operationMetadataId": "32692f9c-d0e8-4fa9-8ca0-cdaa3a162c9b"
          },
          "type": "Foreach"
        }
      }
    },
    "templateName": ""
  },
  "schemaVersion": "1.0.0.0"
}